Make,Colour,Odometer (KM),Doors,Price
1,White,-1.3864629625964375,4.0,-0.03587057704230701
1,White,-0.672899298053577,4.0,1.6379611264294514
2,Blue,0.7295704630935754,3.0,-0.20042546033292533
1,Red,-1.2819108204447018,4.0,1.064590204963703
3,Blue,0.4671548663122349,4.0,-0.9164963196522566
3,White,-0.009418151126400277,4.0,-0.8006651088359699
1,Blue,-1.1606210690522227,4.0,1.4245540121619307
2,White,0.5246071443981077,4.0,0.08446018136395764
2,Green,-1.6516005927145079,4.0,-1.2138521360985068
2,White,-0.4182299131613346,4.0,0.16802320803497475
3,White,0.043328484223104445,4.0,-0.57607340484479
1,Blue,0.9938972747709178,4.0,0.42989687777168534
3,Blue,1.0772812640593608,4.0,0.0884454949436523
3,Red,-0.4987470801057749,4.0,2.424996279167862
0,White,0.9121783590661128,5.0,0.20247688672394798
2,White,-0.915029954915989,3.0,-0.8347331120172307
2,Blue,1.225371460698047,4.0,-1.233135911484126
3,White,-0.09186101186756962,4.0,1.0963441550986894
1,White,-1.4561933484990492,4.0,1.8063727647971934
3,White,0.2541847155145778,4.0,0.885379652380014
1,Green,-0.016121882163133927,4.0,0.7250671996742319
1,Blue,0.6013018815505443,4.0,-0.17072844623907157
1,Blue,-0.07774408365846527,4.0,0.010796159390891779
1,White,0.7123840079302863,4.0,-0.29028785362991144
1,Green,-0.7008580553579672,4.0,-0.5936859196969889
1,White,-1.0786994487372357,4.0,-1.2170660986627766
3,White,-0.27777009720592827,4.0,-0.25917669600777893
2,Blue,-1.4068347759197297,4.0,1.0705038960819597
2,White,1.051262679452427,4.0,-0.8063216829490848
2,Green,0.32382822801282585,3.0,-0.7484703567922268
1,Blue,-0.8577224658373891,4.0,0.24605821909544767
1,Blue,0.8750110208991684,4.0,-0.8824283164709958
2,Blue,-1.3465735910927632,4.0,1.007381671319699
2,Blue,0.2206805392316368,3.0,-0.8199488842215892
3,Green,-0.3086970291594123,4.0,-1.1606289160341974
3,White,0.6762446717149793,4.0,-0.8193060917087351
3,Blue,0.840073433444226,4.0,-1.093007143681959
1,Black,1.003409912548745,4.0,-1.191097281143476
3,Blue,0.15099359003120688,4.0,0.4477665096290259
3,Blue,1.197470618996566,4.0,-1.2674610316705286
2,Blue,1.4459864710797115,4.0,-1.2440633842026438
3,White,-0.4379936126540807,4.0,1.2333875188391576
2,White,-0.34883254197545044,3.0,-1.2247796088170244
3,Black,-0.6494579577761,4.0,-0.729443698411749
3,Red,0.7773653143943482,4.0,-1.0486544602950345
3,Blue,-0.7752361683940379,4.0,0.2339737198537929
3,Blue,1.674173946541747,4.0,-0.942722254176699
3,White,-0.3157048171114189,4.0,-0.730729283437457
1,White,-0.7116303574990683,4.0,0.007710755329192686
0,Red,0.44866531008349003,5.0,0.46075091838867627
3,White,-0.4895819359454025,4.0,-0.5300494609244452
3,Blue,1.4438291148713458,4.0,-0.3495533233150482
0,Red,1.1139418407008501,5.0,1.1655086294817776
1,Black,-1.6542936682497833,4.0,-0.4409584186428838
1,Green,-1.0713007304655924,4.0,1.2169320305100957
1,Green,-1.2186814609686416,4.0,0.6129641854324982
3,White,0.563178935935599,4.0,-1.313742092596015
0,White,0.6893046401709917,5.0,0.35918970135774775
3,Blue,1.334976739203606,4.0,-0.7654400791315719
3,Black,-0.5521452659880075,4.0,-1.1506013528336754
3,Blue,-1.284705248285068,4.0,-1.184797914517507
0,White,-1.3563178912822271,5.0,2.1568232428051823
2,White,-0.11680815782068425,4.0,0.8785660517437619
3,White,1.0573148599564328,4.0,-1.1238611842989499
3,Red,1.3910390428196593,4.0,-0.4629419225824899
3,Blue,0.8693642496155266,4.0,0.35391880275234516
3,Blue,0.13431389639337282,4.0,-0.05759696397677146
3,White,-0.06543701804027174,4.0,0.3705028495839778
3,Blue,1.5526670116383585,4.0,-1.1698851282192948
1,Blue,0.7957245605165475,4.0,0.34813367013665936
1,Black,0.27061826784004794,4.0,-0.9515927908540839
3,Blue,-1.4057778161666377,4.0,0.5836528468463569
2,Blue,0.7070412935619177,3.0,-0.3089288365026768
3,Blue,1.6977745547272238,4.0,-1.2719605792605064
3,Green,-1.0068261855269856,4.0,-0.279231822408823
2,Blue,-1.5488003975507738,3.0,-0.6838054299991166
1,White,-0.3297348719161595,4.0,0.6857282978875685
3,Blue,-0.5927585825280461,4.0,2.6207908785831835
2,White,0.965098741224345,4.0,-1.2632186010856923
3,White,-1.121006796662367,4.0,0.3847728433693361
1,White,-0.2317416717938845,4.0,-1.1725848567732815
1,White,-0.005870820448215084,4.0,-1.198039440282299
1,Green,-0.01610740326240664,4.0,-1.1364599175508878
1,Blue,0.18125449255123566,4.0,0.0944877445644797
3,Blue,-1.4671828341510598,4.0,-0.5412340506481044
3,Black,0.032498266479094144,4.0,0.11788539203236449
3,Red,0.23552141247710548,4.0,0.8605678613838504
1,White,-1.2034786152049908,4.0,-0.43787301458118477
1,Blue,0.21782819578836135,4.0,-0.17998465842416883
3,White,1.3533215064250779,4.0,-0.3023723528715662
1,White,0.9353156424283167,4.0,-1.3223555122682582
1,White,-0.8666993842883067,4.0,-0.7041176734053024
1,Blue,1.4191860258335043,4.0,-0.25557705793579666
3,White,1.2685620215675428,4.0,-0.29812992228672996
1,White,0.7772350042878027,4.0,-0.5165508181545116
2,Blue,-0.020552425785683597,3.0,0.0019256227135068852
1,Blue,1.2745562864686393,4.0,-1.395505300231041
3,White,1.3010961115017556,4.0,-1.1841551220046531
2,White,-0.7016833526994225,4.0,0.28282595083069517
2,White,-0.8552176160115685,4.0,0.9437452125471552
2,Blue,-1.2747148067832403,4.0,0.5013754052010476
2,White,-1.5508564014540485,4.0,-0.007844823481873578
3,Black,-1.599548944599913,4.0,1.9033058757355734
3,Black,-1.508838631543463,4.0,2.549312351153821
2,White,1.3422017106665218,4.0,-0.7084886624927094
2,Blue,0.5176138353468284,4.0,-0.5292781099090204
2,White,1.171234850878723,3.0,-0.5669457511622635
3,Blue,0.6199796634887439,4.0,0.4368390369105083
3,White,0.1025906248998881,4.0,-0.9780758423836677
3,Blue,-0.6863646757299534,4.0,-0.5083230739899807
3,White,-0.8598074275421184,4.0,2.5709101795857148
0,Red,-1.3810188959229779,5.0,0.2563428993011113
2,White,0.6455928388753137,4.0,-0.2796174979165354
2,White,-1.6244526538508457,4.0,-1.0013449313489817
3,Red,-1.4696008105725167,4.0,-0.8817855239581418
3,White,-0.3210764892812422,4.0,-0.6394527466121922
1,Green,-0.07799022497082915,4.0,-1.3946053907130453
3,White,-1.5695197044915208,4.0,-1.1336316304943304
1,Blue,-1.262668361378138,4.0,0.25480019727026176
3,White,0.012546341276893346,4.0,-0.6453664377304488
1,Blue,-1.4408167559266711,4.0,0.7908891529904792
3,Red,0.029052288105999958,4.0,-0.10374946639968707
1,Blue,0.08751808924278286,4.0,-0.8733006627884693
2,Blue,0.701901283803731,4.0,0.4700071305737735
1,White,-1.5897177710060855,4.0,0.6283912057409937
2,Blue,-1.2978086534432622,4.0,2.0484484251380013
2,White,-0.10519607943740049,4.0,-0.07919479240866512
0,White,0.2571528901636715,3.0,0.9605863763839294
3,Blue,-0.39497679859331253,4.0,-1.418774389196355
3,White,-1.1667746018613194,4.0,-0.7153022631289616
3,Green,0.5392453130333944,4.0,0.6292911152589893
2,White,-0.028964667108237054,4.0,-0.9681768376857165
1,Red,1.3353531906225153,4.0,-0.6292966249090993
2,Green,0.25849942793130914,3.0,-0.6128411365800375
2,White,0.2629154926531315,3.0,-1.3202985762271255
0,White,-1.3309218994065666,5.0,0.4504662381830126
3,White,0.2843297868287883,4.0,-0.41267554807730883
3,Black,0.23675211903892482,4.0,0.5853241073797771
3,Green,1.2639142944340838,4.0,-0.6947329027176343
1,White,1.0376525127687777,4.0,-0.9438792806998361
1,White,1.1960227289238374,4.0,-0.41138996305160086
0,Blue,-0.6426239166328208,5.0,2.3793580107552295
1,White,-0.44394444085299545,4.0,0.901706582206505
1,Blue,-1.3539288726622247,4.0,-1.188011877081777
2,White,1.2159456963245836,4.0,-0.10400658340482866
2,Blue,1.1591884054736206,4.0,0.02120939809912622
1,Blue,-0.503858132062507,4.0,-0.9951741232255835
1,Blue,-1.169482156297322,4.0,1.3170791040127454
2,Blue,0.4667204992904163,4.0,-1.081051202942875
3,Blue,-0.9731772202367717,4.0,0.8033593277398464
1,Blue,-1.1121022727150855,4.0,0.6016510372062682
2,Black,1.5832319710736602,4.0,-1.5883430540872343
3,White,0.8335000125140379,4.0,0.3057093642882968
3,Blue,-1.1587967275605846,4.0,0.046021189095289766
3,Blue,-1.3413901446323946,4.0,2.401984307207689
0,Black,0.39310976799289177,5.0,0.9879693374315088
3,Red,-1.4158696099735564,4.0,-0.411904197061884
2,White,-0.18414952510329377,3.0,0.5750394271741135
3,Blue,-0.6035888002720564,4.0,-0.43504472752462725
3,White,-0.6312000639589918,4.0,0.5782533897383834
2,Green,-1.4252229798433835,4.0,-0.31574243713892897
2,Red,0.8777330542358982,3.0,-0.18165591895758917
1,Black,-1.0054072532557115,4.0,-0.8114640230519167
3,Blue,1.5347855692401597,4.0,-1.003016191882402
1,White,0.5044380356849977,4.0,-0.3273127023703006
3,Green,-1.0579801417964887,4.0,-1.1254038863297995
1,White,-0.7941021760416922,4.0,-1.0933928191896713
3,White,0.8274623109107595,4.0,-0.3208847772417608
3,Black,-1.3161823784661888,4.0,-0.9971025007641454
1,White,-0.8252462915060855,4.0,-0.8865421885532613
1,Blue,-0.7678953657253037,4.0,-0.6795629994142804
3,Green,0.22806477860255292,4.0,1.2252883331771975
2,White,0.9076175053370176,4.0,-0.6435666186944576
1,Blue,0.7692860877885224,4.0,-1.108691280995596
3,White,-0.9371826730287375,3.0,1.3204216250795862
1,Red,-0.5204509522959774,4.0,-0.2626477755771904
1,Blue,-0.6728269035499405,4.0,1.388429072939537
3,Blue,-0.4550352788100969,4.0,-0.6498659853204266
2,Red,0.2805218359375119,4.0,0.06594775699376308
3,Blue,0.33862566455611265,4.0,-0.3919776291634107
1,White,1.1680639716194472,4.0,-0.40187663386136196
2,Black,-0.08596809927156401,4.0,0.34761943612637614
3,Blue,-0.5839698897865833,4.0,2.2465570775995976
3,Black,-1.5409093966544027,4.0,-0.867258413167642
1,White,-1.5269372574525713,4.0,-0.8288194208989741
1,Green,1.5584585719292732,4.0,-0.7806099824349257
0,White,1.0896462452804634,5.0,0.551513221203658
1,Blue,-1.2866598998832517,4.0,-0.39480591621996824
3,White,0.7555021742961456,4.0,0.3337351178487302
2,Blue,0.1559888107821207,4.0,-1.2864876900510063
3,Green,1.20161158460457,4.0,-0.35096746684332697
0,White,0.9299874069606752,5.0,1.762020081410269
2,Blue,0.3987710181772608,3.0,-0.4497003968176979
1,White,-1.4826028634256199,4.0,0.44352407904418967
3,White,-0.19813614320585254,4.0,1.320550183582157
1,Blue,-0.9753490553458647,4.0,0.9946543795651902
3,Green,0.16519739164467492,4.0,0.8006595991858597
3,White,-0.6251044467528042,4.0,0.9245899956641067
0,Blue,-0.7512735876903788,5.0,2.4942893120535206
3,Red,1.604240856028953,4.0,-0.7543840479104834
0,Red,-1.3301110809658385,5.0,0.39711445961613245
2,White,1.1303753930263203,4.0,-0.6143838386108871
1,Red,-0.15756626336799576,4.0,0.35276177622920796
3,Blue,0.24950803057966423,4.0,-0.7262297358474792
3,Blue,1.3624287349825412,4.0,-0.45201444986397227
1,White,-0.3327609621681624,4.0,-0.3077718099795396
1,Blue,-1.0042634200982559,4.0,1.566482599000089
1,Blue,0.6154188097596487,4.0,-0.579801601419343
3,Black,1.350744262095621,4.0,-0.661564809054369
1,Blue,1.4727290007230098,4.0,-1.0126580795752118
2,White,0.9438147571552338,4.0,-1.101749121856773
3,White,-1.201813541621353,4.0,-0.0651819156284484
2,Green,0.8477472508296879,4.0,0.14501123607480235
1,Red,0.48017139806606546,4.0,-0.18538411553214226
1,Blue,-1.514094472507468,4.0,-0.7817670089580628
3,White,1.0513929895589724,4.0,-1.3278835278788024
3,White,-1.058906791443035,4.0,-0.6970469557639086
0,White,0.6186331257211063,5.0,-0.15401584090486814
3,Black,1.2461197254402487,4.0,0.12868430624831131
3,Black,0.13852725650501319,4.0,1.4593933663586163
2,Red,-0.042763059501341086,4.0,-0.9352658610275928
1,Red,-1.0089545839338967,4.0,-0.4571567899668041
3,White,1.6056453093994998,4.0,-0.3202419847289068
3,White,-1.0072315947473496,4.0,2.591479539997042
1,Green,-1.232204754247927,4.0,1.8099724028691757
3,White,-1.0419954353935643,4.0,2.1950051180687082
3,White,-0.2597293868997293,4.0,-0.7619689995621604
1,Black,1.544500911628169,4.0,-0.6721066062651743
1,Blue,0.0753413337311349,4.0,-0.4443009397097245
0,White,-1.471845040185246,5.0,1.6470887801119778
2,Green,0.8630224910969752,3.0,0.2976101786263367
1,White,1.3392480149181554,4.0,-0.8000223163231158
1,White,-0.6546414042364687,4.0,1.5475844991221819
3,Blue,-0.6619098124015664,4.0,0.8227716616280366
3,White,1.5273144564648797,4.0,-0.04731228377110782
2,Blue,0.8969175976995528,3.0,-0.33386918600141113
0,Blue,1.6540482745308185,5.0,0.24657245310573084
1,Blue,-0.35754884021327693,4.0,0.29002522697465977
3,White,0.9505619248941494,4.0,-0.6371386935659179
2,White,-0.2158727965967785,4.0,0.074175501158294
1,White,0.9359237562588627,4.0,0.2910536949952261
3,Blue,1.5610502951594574,4.0,-0.9045403789131726
1,Red,1.5553311293721792,4.0,-1.3562949569469482
3,Green,-1.2560804615472225,4.0,0.22047507708385936
1,White,1.3480367076596185,4.0,-1.1790127819018212
1,Green,-1.3549713535145895,4.0,-0.30172956035871223
2,White,1.2153810191962195,4.0,-0.49289605368148526
3,Black,0.9755235497479913,4.0,-1.0148435741189152
1,Red,-1.7396902247393191,4.0,-0.6427952676790328
3,Red,0.9617975518585237,4.0,-0.19451176921466873
1,White,0.5801916442901607,4.0,0.3756451896868096
3,White,-1.5956251625028184,4.0,2.282039224309137
1,White,1.6634885178050094,4.0,-0.6080844719849181
2,White,0.032614097684912434,4.0,0.8123584229198021
3,Red,0.45574549253913316,4.0,-1.1004635368310651
3,Blue,-1.2505929581715811,4.0,-0.918167580185677
2,White,1.4909289789372089,4.0,-0.308800278000106
3,Blue,1.322698631386867,4.0,-0.8700867002241994
3,White,0.05318861561838655,4.0,-0.41768932967756983
3,White,-1.0911368244619748,4.0,0.9910547414932079
1,White,-1.0138918890819013,4.0,0.35648997280376105
1,Red,-0.3258834843227013,4.0,-0.6250541943242631
2,Blue,0.631808925382937,3.0,-1.3805925139328286
0,White,1.0472375450502414,5.0,1.4455090480809702
3,Green,0.7177412011993823,4.0,-0.6713352552497495
3,Blue,-1.145780195806754,4.0,-0.6060275359437853
3,Blue,-0.1864951070211142,4.0,0.5958659045905824
3,White,-1.7236765605349402,4.0,0.2512005591982795
2,Blue,-0.38851920886894276,4.0,0.3157369274888189
3,White,1.4443358763968008,4.0,-0.2625192170746196
1,White,-1.4721346181997919,4.0,0.4827344223282823
1,Green,-0.5375505340549027,4.0,1.4726348921234083
3,Blue,0.6990344614597283,4.0,-1.0013449313489817
1,Red,0.46124747481550205,4.0,0.184221579358895
3,Blue,0.49391187485626037,4.0,-0.6650358886237805
3,Green,0.29106247566697646,4.0,-1.208709795995675
3,Blue,1.472844831928828,4.0,-1.230693299935281
0,Blue,-0.005378537823487343,3.0,2.029936000767807
3,Blue,0.05634501597693501,4.0,-0.2506918348381064
2,Blue,0.964794684309072,3.0,0.29028234397980135
3,White,0.5686953971126951,4.0,-1.4948810227182658
3,White,-0.2736001737964698,4.0,1.1868493409085297
2,Blue,0.9310733245152217,4.0,-1.1752845853272682
2,Blue,-0.29208973002521466,3.0,-1.073466251291198
1,Blue,1.6894057501068522,4.0,-0.465384534131335
3,Green,0.4928114784009866,4.0,-0.6120697855646128
1,White,0.8176890529198411,4.0,-0.27884614690111065
3,Red,-0.9520380251749334,4.0,1.201633568704171
1,White,-0.7315388459990873,4.0,0.6915134305032543
3,White,-0.17011947029855315,4.0,0.22343192264298764
3,Red,-0.4900163029672211,4.0,-1.1107482170367287
1,White,0.18684334823196824,4.0,0.18435013786146578
3,Blue,-0.8290976790995437,4.0,1.804058711750919
3,White,-0.05831339888244679,4.0,-1.3795640459122622
1,White,-1.309464168528728,4.0,1.291624520503728
2,Blue,0.8885487930791812,4.0,-1.1480301827822594
3,White,-0.19716605685712435,4.0,1.0435066105420925
0,White,0.6613314039658742,5.0,1.2002194251758924
1,Blue,0.8755322613253507,4.0,0.2564714578036821
1,Red,-1.2054477457039017,4.0,-0.6814913769528423
3,White,-1.164573808950772,4.0,-0.4967528087586091
1,Blue,0.9504895303905129,4.0,0.0026969737289316586
1,Blue,-0.3539291150314553,4.0,0.079832075271409
3,Blue,-0.5042345834814165,4.0,-1.0455690562333353
0,Blue,-0.40404059044859386,3.0,0.845140841075355
3,White,0.47642136277769825,4.0,-1.5052942614265004
3,Blue,-0.1656889266760035,4.0,1.0670328165125482
3,Black,-1.7073877972167428,4.0,-0.14141710765293017
1,White,0.21228277680981064,4.0,0.29233928002093407
2,White,-1.5458901385045891,4.0,-0.18049889243445202
1,White,1.18923212448274,4.0,-0.8867993055584029
1,White,-1.3952806131393551,4.0,-0.12714711386757185
3,Red,0.7135857566906512,4.0,-1.1614002670496222
3,White,0.02722794661436186,3.0,-1.3619515310600632
1,White,-0.8673654137217619,4.0,-1.041969418161353
3,Blue,-1.558559176640965,4.0,-0.21469545411828364
1,White,0.6889861043549914,4.0,-0.07135272375184659
3,Blue,-0.27459921794665254,4.0,-1.394733949215616
3,Blue,0.975610423152355,4.0,0.2162326464990231
3,White,1.206157959432938,4.0,-0.4072760909693354
2,White,-0.9675738856553118,4.0,1.7215241531004684
1,Blue,-0.38925763280603437,4.0,0.9532585417373941
2,Blue,-0.863832561944304,4.0,0.3032667527394517
2,Blue,-0.7931031318915095,4.0,-0.2712611952494337
3,Blue,1.6226001021511522,4.0,-1.057267879967278
3,White,-0.3975974796249514,4.0,-1.09802092528222
1,White,0.18677095372833183,4.0,-1.255247973926303
1,Blue,0.9460155500657814,4.0,-1.2033103388877016
1,White,-0.6066293694247866,4.0,-0.24413535120699584
2,Blue,-1.638207609541768,3.0,-0.17677069585989896
2,White,-0.6121747884033373,4.0,0.8424411125213683
1,White,-1.546787830349681,4.0,1.4235255441413643
3,White,0.6481700832047708,4.0,-1.0289850094017028
3,White,0.6715679867800658,4.0,-0.16507187212595656
3,White,1.3928489054105702,4.0,-1.5050371444213588
0,Blue,-0.6641250842128413,3.0,0.1176282750272229
3,Green,-0.693473815987051,4.0,0.4801632522768664
3,White,1.142885163254696,4.0,-0.4976527182766047
3,White,0.9040701746588323,4.0,-0.367294396669818
0,Blue,-0.54145983725127,3.0,2.5277145227219275
3,Red,0.3799774050332429,4.0,-0.9438792806998361
1,Black,1.3784279202861927,4.0,0.035607950387055325
1,Blue,0.3092479749804483,4.0,-0.6868908340608157
2,Blue,-1.7408630156982292,4.0,1.9074197478178387
0,Blue,0.15927552124721475,3.0,0.9942687040574779
1,Blue,1.1475618481896095,4.0,-1.5437332536951682
1,Blue,0.5947574184218108,4.0,0.3503191646803629
3,Blue,0.5539703550730448,4.0,-0.6102699665286216
3,White,0.7027844967480954,4.0,-0.8513171588488633
3,Blue,1.6363405789413472,4.0,-1.2188659176987677
0,Blue,-1.091701501590339,3.0,1.4237826611465059
3,Red,0.8950498195057329,4.0,-1.3499955903209793
1,White,-1.7408774945989565,4.0,0.13292673683314757
1,White,-1.6253358667952102,4.0,-0.9755046723322518
1,Blue,-1.354696254400771,4.0,-1.2034388973902723
2,White,0.6507762853356823,3.0,0.1960489615954082
1,Blue,1.4996018404728535,4.0,-0.5387914390992593
3,White,-0.04512312031988879,4.0,0.3314210648024559
3,Blue,-0.7141641651263434,4.0,1.760091703871707
3,White,0.8398562499333168,4.0,-1.3699221582194525
3,Blue,-1.284401191369795,4.0,0.5294011587614811
3,White,0.21889963444218055,4.0,-0.269204259208301
0,Red,0.005770215736523263,5.0,0.0064251703034847295
3,Blue,-0.46764640134356344,4.0,1.455793728286634
3,Blue,0.8320955591434912,4.0,-0.16584322314138134
2,Blue,-1.2382424558512057,4.0,-0.29465884271731846
0,Green,0.45490571629695054,5.0,-0.19644014675323068
3,White,0.27221094692004943,4.0,-1.3295547884122227
3,White,-1.371520737045878,4.0,0.154653123767612
1,White,-1.4850063609463495,4.0,-0.8804999389324338
2,White,-1.2681848225552341,4.0,-0.7163307311495279
3,Blue,-1.1437241919034793,4.0,-0.5818585374604758
3,Black,-1.0416045050739278,4.0,-0.8348616705198014
1,Blue,-0.05211642937116817,4.0,0.001025713195511316
2,Green,-0.5899062390847707,4.0,-0.3022437943689954
2,Black,-1.040359319611381,4.0,1.63937526995773
3,Blue,-0.8670323990050344,4.0,1.0471062486140748
1,Blue,-0.8383641755650071,4.0,0.5177023350275387
3,Black,-0.1452012821468931,4.0,-0.9284522603913407
2,White,-0.9821541386876893,4.0,0.9496589036654118
3,Blue,-0.4715701834406581,4.0,2.278311027734584
3,Blue,1.0049591549265646,4.0,-0.31561387863635815
1,White,0.22463327913018602,4.0,0.6479320981317546
0,Black,0.8850593780039052,5.0,1.2711837185949715
1,Blue,-0.058371314485355937,4.0,-1.018186095185756
3,Blue,0.3850450202877932,4.0,-0.3869638475631497
1,White,0.054448279981660484,4.0,0.259685420367952
3,White,1.2316987403158712,4.0,0.2017055357085232
1,Red,-0.2817807527073867,4.0,-0.7072030774670015
3,White,-0.6473295593691889,4.0,0.09217369151820537
3,White,-0.8372927369111879,4.0,0.3922292365184422
1,White,0.48525349222134306,4.0,-0.4372302220683308
0,White,0.18044367411050763,5.0,0.89926397065766
3,Black,-1.048496461820116,4.0,0.6802002822770243
3,White,-0.8552755316144777,4.0,0.16583771349127124
1,White,-1.686625053573814,4.0,1.4618359779074612
3,White,-0.19621044940912344,4.0,0.21263300842704083
1,White,-1.6352828715948562,4.0,0.7818900578105236
1,White,-0.5546211580123734,4.0,-0.08626551005005888
3,Green,-0.17077102083128104,4.0,-0.4922532611686313
2,Black,0.6907959669459022,4.0,-1.334440011509913
3,White,0.5911666510414438,4.0,-0.6949900197227759
3,Blue,-0.4664736103846533,4.0,0.08021775077912138
1,White,-1.4178821771746493,4.0,1.607235644315031
3,White,0.7898750846227237,4.0,0.16236663392185977
3,Blue,-0.17197276959164584,4.0,1.4416522930038465
2,White,1.6742897777475652,3.0,-0.2513346273509604
3,Red,0.41607330454636815,4.0,-0.20235383787148728
2,White,-1.1609830415704048,4.0,2.0609185998873687
3,White,1.2290780592842325,4.0,-0.44352958869429976
3,White,1.4550502629349928,4.0,0.05129208770069238
3,Blue,0.05861820339111899,4.0,0.3543044782600575
2,White,0.9005952384842836,4.0,-1.048911577300176
3,White,0.1725237154126819,4.0,-1.4158175436372267
0,White,0.2276448904814616,3.0,0.1894924779642976
3,White,0.9960980676814654,4.0,0.6948559515700949
3,White,-0.24594547340735257,4.0,0.8874365884211467
3,White,-0.9416856111549236,4.0,1.22246004612064
2,Blue,-0.2886003149499386,4.0,-0.6020422223640907
0,Black,0.729498068589939,5.0,1.3062801897967986
3,White,0.8044987743572831,4.0,-0.9924743946715968
2,Red,1.1407567648477848,4.0,-1.4658268011372662
1,Green,-0.7156120551990721,4.0,1.7229382966287472
2,White,-0.7059835862154266,4.0,-0.851445717351434
1,Black,1.3070469397006703,4.0,-0.6623361600697938
1,White,-1.2086475827646321,4.0,0.3120087309142658
3,Blue,0.5170202004170096,4.0,-0.6844482225119707
3,White,-0.3442861671470825,4.0,1.2069044673095737
3,Blue,-1.6874213931138147,4.0,0.7358661138901788
2,White,-1.5138338522943768,4.0,-0.4599850770233616
3,White,-0.18073250453165415,4.0,0.6560312837937147
0,Green,1.1315481839852306,5.0,1.7404222529783753
2,Blue,-1.3458930827585809,4.0,1.0131668039353847
2,White,0.3044409799389892,4.0,0.11788539203236449
1,Blue,-1.4633604043590562,4.0,-1.18852611109206
3,Red,-0.9130897822185327,4.0,-0.9638058485983094
3,Blue,1.09836254351829,4.0,-0.6349531990222144
1,White,-0.06275842140572374,4.0,-0.42308878678554324
2,Blue,0.7174371442841094,4.0,0.4868482944105478
2,Red,0.9402819053777759,3.0,-0.24362111719671264
1,Green,0.48221292306861285,4.0,-0.22318031528795615
1,Blue,1.1026482981335668,4.0,-1.3705649507323066
2,White,1.4030275726218524,4.0,0.09821594113903276
3,Blue,0.7089959451601013,4.0,-0.19489744472238113
3,White,-0.3015444522001327,4.0,-0.2625192170746196
3,White,-1.2747292856839676,4.0,1.7338657693472648
3,White,-0.10325590673994409,4.0,0.42642579820227383
3,Blue,-0.07399404837009807,4.0,-0.1491306178071779
2,Blue,1.3497452179454381,4.0,-0.30314370388699097
3,Green,1.3108693694926739,4.0,-1.1390310876023038
3,White,-1.3829590686204343,4.0,2.5815805352990906
1,White,1.0773536585629973,4.0,-1.460813019537005
1,Blue,-0.7906851554700526,4.0,0.6310909342949804
1,White,-0.15789927808472334,4.0,0.4851770338771274
1,Black,-1.156291877734764,4.0,-0.6334104969913648
3,Black,1.2605986261675353,4.0,-0.3118856820618051
3,Blue,-1.330284827774566,4.0,0.24657245310573084
3,White,1.143898686305606,4.0,-1.2790312969019002
1,Black,-1.4971252008550884,4.0,0.42642579820227383
1,Black,-0.29090246016557714,4.0,0.060419741383218865
1,Red,-1.666658649470886,4.0,-0.7261011773449084
3,Blue,-0.6015617541702363,4.0,2.2961806595919247
1,White,-0.5170049739228831,4.0,-0.8889848001021063
1,White,1.2048838161689368,4.0,-0.9796185444145172
1,White,-1.1384104353365652,4.0,1.3467761181065994
1,White,-0.25315596596954126,4.0,0.9870694279135133
1,Blue,-0.829922976440999,4.0,1.5609545833895446
1,White,-0.515586041651609,4.0,-0.5742735858087988
1,Black,-1.2457135686264855,4.0,0.9285753092438013
1,Green,0.9099486083541107,4.0,-0.5083230739899807
3,Blue,1.2957244393319323,4.0,-0.01208725406670983
1,White,-0.4221536952584293,4.0,0.44146714300305695
3,Green,-1.0461074432001138,4.0,-1.157029277962215
3,Blue,0.8989591227021002,4.0,-0.6530799478846965
3,White,0.9585687569963388,4.0,0.6784004632410332
1,White,-1.2791308715050627,4.0,1.7410650454912293
3,White,-0.1291876179425142,4.0,0.2650848774759254
3,Red,1.5757174215961987,4.0,-0.24092138864272594
3,Green,-0.6166632476287961,4.0,0.484791358369415
1,Black,-0.10518160053667319,4.0,0.7242958486588071
3,White,0.7857196401139925,4.0,0.0794463997636966
2,Green,0.461754236340957,4.0,-0.9807755709376544
3,White,-1.124394859432552,4.0,-1.0027590748772606
1,Blue,0.16237400600285407,4.0,-1.1311890189454852
2,White,-0.055055646218807326,4.0,-0.9180390216831061
3,White,0.16570415317012996,4.0,-0.668506968193192
3,Blue,1.227326112296231,4.0,-0.9780758423836677
2,Blue,-1.2212442263973713,4.0,1.6780713792315394
1,White,-0.010055222758400883,4.0,-1.2970294872618116
1,Blue,0.6570166915491428,4.0,-0.30147244335357065
3,Blue,0.581827760072344,4.0,-0.7807385409374965
1,Red,-0.6480969411077352,4.0,1.960771526384719
3,White,1.153599549792888,4.0,-0.4486719287971316
3,White,1.2373455115995131,4.0,-0.6935758761944971
0,Blue,-1.3805845289011593,3.0,2.2621126564106637
1,Blue,-0.9116708499472586,4.0,1.5334430638393945
1,Blue,1.3294023624236007,4.0,-0.15054476133545666
1,Black,-1.0145144818131746,4.0,1.899063445150737
1,Blue,-0.6925471663405047,4.0,0.8563254307990142
2,White,-1.6053260259901003,4.0,-0.959691976516044
3,Blue,0.30193613011316867,4.0,0.6412470559980732
1,Black,1.1867707113591013,4.0,-0.9526212588746502
2,White,-1.5412424113711303,4.0,0.6733866816407721
3,Blue,1.6855254047119395,4.0,-0.5708025062393873
1,Blue,-1.3071041077101802,4.0,1.4505228296812314
2,Black,1.2670272580904505,4.0,-1.3427963141770147
3,White,-1.5135297953791038,4.0,-0.4953386652303304
3,Black,-0.8647592115908503,4.0,2.006024119289639
1,Blue,-0.9349818801181898,4.0,0.6232488656381618
1,White,-0.10555805195558264,4.0,0.6453609280803387
3,Black,0.07358938674313324,4.0,0.5965086971034363
1,Black,-0.17599790399383147,4.0,0.15066781018791736
1,Blue,-1.1686423800551395,4.0,-0.9562208969466325
1,White,-1.2858635603432509,4.0,1.2572994003173257
1,Black,0.2418052553927478,4.0,-0.8595449030133943
2,Green,-0.7902363095475067,3.0,0.09230225002077617
2,Blue,1.7182332414548795,4.0,-0.13858882059637267
1,White,0.30439754323680734,4.0,-0.6456235547355904
0,White,-1.5153251790692874,5.0,0.4892909059593929
3,White,0.09323725503006101,4.0,0.3265358417047657
1,White,0.679719607889528,4.0,-0.8654585941316508
3,White,-0.8147201306773482,4.0,-1.082336787968583
1,Green,0.4910160947108031,4.0,-0.6717209307574619
2,White,1.516860690139779,4.0,-0.2995440658150087
2,Black,-0.7777265393191312,4.0,0.9413026009983101
1,Blue,0.9457404509519629,4.0,0.18807833443601887
3,Blue,-0.5095917767505125,4.0,1.6032503307353365
2,Green,-0.6296508215811721,4.0,1.8067584403049057
0,White,0.8902283455635465,5.0,0.9995396026628804
2,White,1.0709539844415366,3.0,-0.6832911959888335
0,White,1.6179668539184207,3.0,-0.10734910447166934
1,Red,-0.4250060387017047,4.0,0.0653049644809091
3,Black,-1.511459312575102,4.0,1.629347706757208
3,Red,-0.6170541779484329,4.0,0.7493647566601123
3,Red,-1.1783142857409667,4.0,1.3078228918276482
2,White,-0.8699716158526735,4.0,-1.1207757802372509
1,White,1.535060668353978,4.0,-0.6566795859566787
3,White,-1.5202480053165648,4.0,-0.029571210416338027
1,Blue,-1.4859330105928958,4.0,-0.17972754141902725
1,Blue,-0.15551025946472108,4.0,-0.41267554807730883
2,White,-1.6205288717537512,4.0,0.7519359267115282
1,White,-1.3183686924760092,4.0,0.08626000039994877
3,Black,-0.644202116812095,4.0,1.892121286011914
2,Red,0.5169912426155551,4.0,-0.7123454175698333
3,White,-1.61738695029593,3.0,2.0062812362947806
3,Blue,-1.3091021960105458,5.0,1.4439663460501206
3,White,1.0315713744633173,4.0,0.16262375092700135
3,White,-0.8464868388730148,4.0,1.3026805517248163
3,Blue,-0.9800402191815054,4.0,-0.04396976270426713
3,Black,1.4026366423022159,4.0,0.09075954798992662
2,Red,0.17397160548541055,3.0,0.14359709254652359
0,White,-1.4170279220317394,3.0,1.5794670077597392
1,White,-1.2935808144308947,4.0,-0.68920488710709
3,Blue,1.375908591559645,4.0,-0.02430031181093541
1,White,1.1578129099045282,4.0,-0.7970654707639876
3,White,1.697325708804678,4.0,-0.11377702960020912
2,Green,1.4749008358321027,4.0,-0.857745083977403
3,White,0.10288020291443382,4.0,-0.5111513610465382
3,Blue,-0.671842338300485,4.0,1.6470887801119778
3,White,0.651312004662592,4.0,0.42694003221255705
2,Black,0.5731983352388812,4.0,-0.7653115206290011
1,Blue,0.4336651689300212,4.0,-0.5448336887200866
3,Blue,0.8483553646602339,4.0,-0.6749348933217317
1,White,-0.19230114621275607,4.0,0.16789464953240396
3,Green,1.1970072941732928,4.0,-1.5235495687915532
1,Black,-1.3445320660902158,4.0,1.0446636370652298
0,Black,-1.115562729988907,5.0,2.8174853875165007
1,Blue,0.46489615779877824,4.0,-0.3007010923381459
1,White,-1.549365074679138,4.0,-0.7574694519721825
3,Black,-0.47461075259338825,4.0,2.219045558049447
3,White,1.4106869111065872,4.0,-0.45561408793595454
1,Black,1.4728158741273734,4.0,-1.145716129735985
2,Blue,-1.4884089026172618,3.0,-1.169628011214153
3,White,0.3014148896869863,3.0,-1.470326348727244
2,Green,-0.34860087956381386,3.0,0.09551621258504606
3,Black,0.8370618220929504,4.0,-1.254605181413449
2,White,-1.1939080618242544,4.0,-0.5646316981159891
2,White,0.8912997842173657,4.0,-1.1380026195817374
3,Blue,0.6684550231236991,4.0,0.028922908253373954
3,White,0.22638522611818768,4.0,0.08780270243079832
1,White,-0.964504358701127,4.0,0.26379929245021744
3,White,1.6392363590868044,4.0,-0.2915734386556194
2,White,-0.9409761450192865,4.0,1.536914143408806
3,White,0.9863972041941834,4.0,0.4950760385750787
1,White,1.0462240219993313,4.0,-1.5546607264136858
1,Blue,0.39255956976525486,4.0,-0.03921309810914769
1,White,-0.7046949640506981,4.0,0.897978385631952
1,Blue,1.3568398793018086,4.0,-0.8353759045300846
1,White,-1.0810739884565106,4.0,-1.2078098864776794
3,Red,-0.4681676417697458,4.0,1.8350413108704808
1,Black,0.2928433804564327,4.0,-0.4391585996068927
2,White,1.3281282191595993,4.0,0.009124898857471437
0,Blue,0.0421991299663761,5.0,2.6363464573942497
2,White,0.6672387954626071,4.0,0.34016304297727
1,Black,-0.625292672462259,4.0,0.5935518515443081
3,Black,-0.26882213655646525,4.0,0.022623541627404972
3,Red,0.7927419069667264,4.0,-0.7606834145364524
3,White,-0.10111302943230568,4.0,-1.1165333496524146
2,White,-0.6253650669658953,4.0,1.6704864275798625
1,White,0.2468583917465708,4.0,-0.5526757573769052
3,White,-1.7515339655342395,4.0,0.9360317023929074
1,White,-0.8837120926428683,4.0,1.5748389016671906
0,Blue,0.49498331351007957,5.0,1.4061701462943068
3,White,1.3398561287487014,4.0,-0.3472392702687739
3,White,-0.717175776477619,4.0,-0.1696999782185052
0,White,1.3994802419436674,5.0,-0.5533185498897591
1,White,-1.7095596323258357,4.0,0.11081467439097073
3,White,-0.8972064281206994,4.0,1.7690907990516627
1,Blue,0.9624925390934335,4.0,-0.3409399036428049
1,Blue,-0.7954197560078753,4.0,-0.7844667375120495
1,White,-0.1360650957879753,4.0,-1.116147674144702
3,Blue,-0.7704291733525788,4.0,0.33386367635130104
3,White,1.514544066023413,4.0,-0.6268540133602543
3,Black,0.9600890415727038,4.0,-1.1115195680521535
3,White,-0.028964667108237054,4.0,0.25801415983453163
3,Blue,1.3419990060563398,4.0,-0.37950745441404354
2,Blue,-0.49812448737450155,4.0,0.94451656356258
1,White,0.813591524014019,4.0,-1.4887102145948676
0,Black,-1.739487520129137,3.0,0.5011182881959061
3,Blue,-0.7930452162886003,4.0,0.7779047442308289
0,White,1.411541166249497,5.0,0.37988762027164585
1,Red,-1.2131070841886362,4.0,1.0222944576179114
3,Green,0.5980441288869048,4.0,-0.11621964114905424
1,White,-1.738473997078227,4.0,0.6740294741536261
0,Black,1.0135451430578457,3.0,0.14179727351053245
3,White,0.8933702670213677,4.0,0.5821101448155073
3,Black,-0.8528285973915662,4.0,-0.21443833711314206
1,Green,1.1215722213841302,4.0,-0.24169273965815072
2,Blue,0.9254410321323072,3.0,-1.0000593463232739
3,Blue,1.5845495510398433,4.0,-1.326340825847953
0,White,0.5453554091403093,5.0,0.9819270878106815
3,Blue,-1.0235058791648195,5.0,-0.500609563835733
3,White,-1.2211573529930075,4.0,0.2819260413126996
2,Blue,1.4813729044571997,4.0,-1.6463229387466631
3,Black,-0.4944034098875889,4.0,-0.9512071153463715
2,Red,-0.24905843706371916,4.0,-1.367093871162895
2,Green,1.3373657578236082,4.0,-0.4818400224603968
2,Blue,-0.9773616225469575,4.0,-0.15041620283288587
3,White,0.232263659813466,4.0,0.13408376335628472
1,Blue,-1.5932940594857252,4.0,0.9593007913582214
3,Blue,0.5138638000584612,4.0,0.3368205219104293
1,Red,-0.32424736854051794,4.0,0.046278306100431356
3,Blue,1.4177960513636847,4.0,0.21289012543218241
1,Blue,1.2434411288057008,4.0,-1.4455145577310804
1,White,0.030138205660546445,4.0,0.7726338456254263
3,Green,1.0377538650738687,4.0,0.2613566809013723
1,White,0.074588430893316,4.0,0.4716783911071939
3,Black,1.3580850647643552,4.0,-0.5616748525568609
3,Green,1.0247518122207653,4.0,-0.2526202123766683
1,Blue,-0.9757110278640468,4.0,1.3763445736978823
3,Blue,-1.0113725603553534,4.0,1.7005691171814288
1,Blue,0.8592290191064261,4.0,-0.9157249686368318
3,White,0.4442347664609404,4.0,-1.0856793090354235
0,Blue,1.1793864719881852,5.0,0.5069034208115919
3,White,-1.4602619196034168,4.0,2.582094769309374
1,Black,0.3930808101914372,4.0,-1.397305119267032
2,White,1.2733979744104564,4.0,-1.2517768943568914
3,Black,0.1408004439191972,4.0,0.046921098613285334
1,Blue,0.9273812048297636,4.0,-0.08459424951663853
1,White,0.6828615293473492,4.0,-0.16340061159253622
0,Green,0.30484638915935325,5.0,0.5792818577589498
3,White,1.662011669930826,4.0,-0.5870008775633077
3,White,-1.4253098532477473,4.0,1.8925069615196264
1,Blue,1.6396707261086232,4.0,-0.9447791902178316
2,White,0.9807214751090871,4.0,-1.3456246012335722
3,White,-0.04190880435843119,4.0,-0.2563484089512214
0,Blue,0.6959504556048162,5.0,2.241800413004478
3,White,-1.5772080007777098,4.0,1.5768958377083233
3,White,-0.6571752118637437,4.0,0.630062466274414
3,Red,0.8545812919729672,4.0,-1.433172941484284
3,Blue,-0.40521338140750407,4.0,-0.28385992850137165
3,Blue,-1.1932275534900718,4.0,-0.9888747565996145
3,White,-1.6270878137832119,4.0,0.9051776617759165
1,White,-1.471743687880155,4.0,-0.888599124594394
1,Red,-0.11531683104577374,4.0,0.11390007845266982
1,White,0.8899677253504553,4.0,-0.3847783530194462
3,Blue,1.2774955033162785,4.0,-0.8549167969208455
3,White,0.781245659789261,4.0,-1.418774389196355
2,White,1.1628805251590786,4.0,-0.1951545617275227
3,Green,-0.6178070807862518,4.0,0.3905579759850219
3,White,-0.7683297327471222,4.0,1.1604948478815165
3,White,1.0113588290480253,4.0,0.1641664529578509
2,Green,1.4296542710593323,4.0,-0.7455135112330985
3,White,0.2502609334174831,4.0,1.0006966291860175
3,White,-1.751099598512421,4.0,2.180863682785921
0,Blue,-1.1702640169365954,5.0,1.8643526494566223
1,Blue,0.8172112491958406,4.0,0.026737413709670428
2,Black,0.8841037705559043,4.0,-0.5965142067535465
3,White,-0.5134721221454253,4.0,-0.3958343842405346
1,White,0.07370521794895153,4.0,-1.2430349161820773
3,White,1.569013690559465,4.0,-0.6241542848062676
1,White,-0.4387754732933542,4.0,-1.3443390162078643
2,Red,-0.10245956719994334,4.0,-1.077965798881176
2,White,-0.23874945974589118,4.0,0.05322046523925432
3,Blue,0.9815902091527243,4.0,0.3648462754708628
3,Black,1.0216967641673078,4.0,-0.06492479862330681
2,White,0.9247315659966702,4.0,-0.5736307932959449
1,White,-1.4639395603881475,4.0,0.363432131942584
1,Blue,0.580814237021434,4.0,-0.6146409556160286
3,Red,1.286269717157014,4.0,-0.7775245783732266
3,White,-0.4500255791584558,4.0,-0.7358716235402889
0,Green,-0.19906279285239886,5.0,0.2211178695967133
3,Blue,-1.3996387622582682,4.0,1.8755372391802814
2,Blue,-0.8866078727883256,4.0,0.6859854148927101
0,Red,0.26387110010113246,5.0,2.7334081268352004
2,Green,1.5116048491757739,4.0,-1.2466345542540596
3,Blue,-0.0760066155711909,4.0,-0.6753205688294441
1,White,1.69566063522104,4.0,-0.20261095487662886
1,Blue,1.7043190178559573,4.0,-1.2557622079365862
2,Blue,1.1336476245906872,4.0,-0.273575248295708
3,White,-0.9914640718553345,4.0,1.1235985576436982
0,Green,-0.27556930429538073,5.0,-0.3468535947610615
3,Green,1.621470747894424,4.0,-1.6040271914008712
3,White,-0.5443411384960001,4.0,1.8044443872586315
3,Blue,-1.1945740912577096,4.0,2.341690369501986
3,Red,-0.33865387476416803,4.0,-0.28090308294224337
3,White,-0.2763366860339269,4.0,-0.990417458630464
3,White,-0.8137790021300746,4.0,0.149639342167351
0,Blue,-0.031107544415875456,5.0,2.1534807217383416
2,White,0.5146746184991892,4.0,-1.0608675180392602
2,White,-0.018901831102772933,4.0,1.0725608321230924
1,White,1.6526003844580899,4.0,-0.9482502697872431
3,White,-1.1496315834002122,4.0,-1.1727134152758523
0,Blue,-1.4466083162175858,5.0,0.3261501661970533
2,Blue,0.866352638264251,3.0,-0.7908946626405894
3,White,-1.003568432863346,4.0,-1.2444490597103561
0,White,-0.8994651366341561,5.0,0.9233044106383987
1,Blue,-1.3111147632116387,4.0,-0.41138996305160086
3,Red,-1.7105152397738368,4.0,-0.8392326596072085
3,Green,-0.3056564600066821,4.0,-0.250948951843248
0,White,-0.1868136428371145,5.0,-0.1873124930707042
0,White,1.1833826485889163,3.0,-0.4973956012714631
1,Black,1.4571062668382675,4.0,-0.33605468054511467
3,White,-0.2638124369048241,4.0,0.43195381381281805
1,White,-0.18213695790220094,4.0,-1.3032002953852098
3,Red,1.153700902097979,4.0,0.13498367287428029
1,White,-0.0907026998093867,4.0,0.5437997110494102
3,White,-1.689564270421453,4.0,0.544571062064835
3,White,1.3623997771810865,4.0,-0.4106186120361761
1,Blue,1.5285596419274265,4.0,-0.4165323031544327
1,Blue,0.9994861304516505,4.0,-1.413632049093523
3,Black,-1.5065220074270973,4.0,0.9409169254905977
0,Black,1.0650321140440764,5.0,1.1431394500344592
3,Green,-0.3578239393270954,4.0,1.1107427073866187
0,White,0.3072643655808101,5.0,0.7685199735431608
3,White,-0.9752477030407737,4.0,-1.1446876617154187
3,White,-0.829922976440999,4.0,0.5103745003810034
2,White,-1.1855102994024282,4.0,1.4840765988522089
0,Blue,1.6347623787620729,5.0,1.3084656843405023
3,Blue,1.416999711823684,4.0,-0.6089843815029137
3,Black,0.19916489275088906,4.0,0.9347461173671995
2,Black,-1.7525330096844223,4.0,1.508631272843231
3,White,1.7031027901948652,4.0,-0.7478275642793728
1,White,-1.0809147205485106,4.0,-1.1475159487719764
2,White,-1.200467003853715,4.0,-0.5394342316121132
3,White,-1.4823422432125288,4.0,0.8403841764802356
3,Blue,1.5385211256277995,4.0,0.07713234671742229
3,Blue,-1.56296076246206,4.0,-0.17985609992159804
2,White,0.05565002874202526,3.0,-1.2069099769596838
2,White,1.1910419870736508,3.0,-1.0512256303464504
3,White,-0.38320545230202857,4.0,0.6947273930675242
3,White,0.9416574009468681,4.0,0.5412285409979943
0,White,1.4697173893717341,5.0,1.4575935473226251
2,White,-1.3116504825385482,4.0,1.095315687078123
2,White,-0.6927209131492321,4.0,-1.1732276492861353
2,Blue,1.4907117954262996,3.0,-0.3959629427431054
2,Black,1.5741392214169243,4.0,-1.161528825552193
0,Blue,0.3125057276440878,3.0,-0.13036107643184175
1,Black,0.05265289629147695,4.0,0.22021796007871774
1,Blue,1.4057640848593096,4.0,-0.2677901156800222
1,Black,1.454702769317538,4.0,-0.7425566656739703
2,White,-1.6224256077490258,4.0,1.0075102298222698
3,Blue,0.2713132550749577,4.0,-0.9360372120430176
1,Red,-0.47296015791047763,4.0,1.8457116665838569
1,White,0.4419471001460291,4.0,-0.26431903611061075
2,Red,-0.25932397767936527,3.0,0.008224989339475868
1,White,-0.43259298268280283,4.0,-1.3088568694983247
2,White,0.4417588744365744,4.0,-1.286616248553577
0,Red,0.6583777082175077,5.0,-0.18872663659898295
1,White,-1.4445667912150384,4.0,0.9274182827206642
2,White,0.1785469381152331,4.0,-1.0501971623258841
3,White,0.2673749940771358,4.0,-0.12239044927245243
3,White,-0.12648006350651164,4.0,1.1025149632220876
3,White,-1.5942062302315443,4.0,2.5365850593993122
1,White,1.2806084669726452,4.0,-0.43530184452976883
2,Green,1.0441245813938747,4.0,-1.2925299396718337
1,Blue,0.6902747265197199,4.0,-1.3413821706487359
3,Red,0.25091248395021104,4.0,1.2215601366026445
2,Red,0.3168783556637283,4.0,0.24233002252089458
3,Red,0.5046986558980888,4.0,-0.9830896239839287
2,Blue,1.4045044204960357,4.0,-0.3806644809371807
3,Blue,1.301472562920665,4.0,-0.8762575083475976
3,White,-0.6220783565008013,4.0,1.118713334546008
0,Red,0.36017026883831493,5.0,0.1932206745388507
3,Green,0.02208793685617515,4.0,0.1894924779642976
3,Black,-1.27439627096724,4.0,1.1251412596745478
2,Blue,-1.0660883262037693,3.0,0.13112691779715643
1,White,-1.1405677915449308,4.0,-0.5211789242470602
1,White,0.8007776968703705,4.0,-0.0968073072608641
0,White,-0.41142482981951,5.0,1.7932597975349722
3,Blue,-0.5561559214894658,4.0,2.1735358481393856
3,White,-0.3982635090584066,4.0,-0.6866337170556742
3,Black,-0.5890085472396789,4.0,2.334105417850309
2,White,-1.325535748336016,3.0,-0.42257455277526007
1,Blue,-1.5110828611561924,4.0,1.6481172481325441
3,White,1.571996344109286,4.0,-1.3763500833479925
1,Blue,-0.5050309230214172,4.0,-0.07610938834696603
3,White,-0.3495999237139966,4.0,-1.0896646226151183
3,Blue,-1.3238851536531053,4.0,2.3949135895662956
1,Blue,0.5367694210090285,4.0,-0.11711955066704981
1,Black,-0.5248235803156178,4.0,1.5421850420142085
0,Green,-1.5108656776452831,5.0,-0.048597868796815775
0,Blue,-1.2449172290864847,5.0,2.5264289376962195
3,Blue,0.7980846213350952,4.0,0.10464386626757254
0,Black,0.6801539749113467,3.0,1.194177175555065
1,Green,1.541112848857984,4.0,-0.9220243352628008
3,White,0.35031013744303285,4.0,-0.16160079255654508
1,White,-1.5750072078671624,4.0,-0.6650358886237805
3,Blue,-0.5193795136421582,4.0,-1.0499400453207424
3,Blue,-0.045933938760616834,4.0,0.15850987884473589
3,Black,-1.6392066536919507,4.0,0.300567024185465
3,Blue,1.4352286478393377,4.0,-1.1418593746588612
3,White,-0.025113279514778843,4.0,-1.1770844043632593
1,White,1.549003849754355,4.0,-0.29941550731243793
2,Blue,0.37712506158996745,4.0,-1.4663410351475492
3,Blue,1.2315973880107802,4.0,-0.7599120635210277
1,White,-0.8579396493482984,4.0,1.4501371541735188
1,White,1.2169013037725844,4.0,-1.5140362396013145
2,Black,1.7019589570374096,4.0,-0.9312805474478981
3,Red,-1.2951879724116235,4.0,-0.21520968812856683
3,White,0.611292323052372,4.0,-0.9667626941574377
1,Blue,1.5173384938637795,4.0,-0.825091224324421
1,Green,-1.107164967567081,4.0,1.5191730700540362
2,Black,0.45368948863585845,4.0,-1.4020617838621514
0,Blue,0.4652581303169604,3.0,2.065161030472205
3,Black,-1.3808306702135231,4.0,2.113499027438824
3,White,0.34684968016921136,3.0,-1.27093211123994
2,Blue,-0.9351121902247355,4.0,2.0528194142254086
1,White,1.226283631443866,4.0,-1.4914099431488543
3,Blue,1.69651489036395,4.0,-0.3689656572032383
